{
    "system": [
        {
            "name": "Rafting(레프팅) 시스템",
            "description": [
                "스티로폼에 구멍을 뚫어 식물을 넣고 물에 띄워 재배하는 방식."
            ],
            "img": "https://t1.daumcdn.net/cfile/tistory/99C96B395B4C3F5C20",
            "advantages": "상업적 규모에 적합. 식물과 물고기에서 많은 수확이 가능.",
            "disadvantages": "고형물을 걸러내는 필터가 필요하고 열매 없는 잎채소만 재배가능."
        },
        {
            "name": "Growing Power 시스템",
            "description": [
                "긴 물고기 양식 탱크 위에 다 층의 식물 재배지를 설치한 유형의 시스템."
            ],
            "img": "https://t1.daumcdn.net/cfile/tistory/991AD9365B4C400528",
            "advantages": "여러가지 식물을 키울 수 있다. 부품구하기가 용이하다.",
            "disadvantages": "험기화 될 수 있다. 퇴비를 사용하면 물이 검은 색으로 변해 물고기를 볼 수 없다."
        },
        {
            "name": "NFT 시스템",
            "description": [
                "뿌리가 물에 일부만 잠긴 상태로 재배하는 방법으로 주로 PVC 배관을 이용해 재배하는 방법."
            ],
            "img": "https://t1.daumcdn.net/cfile/tistory/9954483D5B4C414832",
            "advantages": "재료를 쉽게 구할 수 있다. 재배 조건을 세밀하게 조절할 수 있다.",
            "disadvantages": "고형물을 걸러내는 필터가 필요하다. 열매 없는 잎 채소만 재배가 가능하다."
        },
        {
            "name": "Tower & Vertigro 시스템",
            "description": [
                "수직관으로 재배하는 방법"
            ],
            "img": "https://t1.daumcdn.net/cfile/tistory/9909C8365B4C411D2E",
            "advantages": "",
            "disadvantages": ""
        }
    ],
    "pisces": [
        {
            "name": "탈리피아",
            "description": [
                "아쿠아포닉스에서 가장 흔하게 사용되는 물고기.",
                "중온성 : 적정 온도 (23 ~ 26도)",
                "PH 변화, 온도 변화, 암모니아 독성에 강하고 낮은 산소농도에서도 비교적 잘 견딘다.",
                "성장 기간 : 6 ~ 9개월"
            ],
            "img": "https://t1.daumcdn.net/cfile/tistory/99A3513C5B4C41A52B"
        },
        {
            "name": "엘로퍼지",
            "description": [
                "순환시스템에 적절.",
                "냉온성 : 적정온도 (20 ~ 23도)",
                "낮은 산소농도에 잘 견디고 PH변화에 민감하지 않음.",
                "성장 기간 : 약 9개월"
            ],
            "img": "https://t1.daumcdn.net/cfile/tistory/99AE533A5B4C41B42B"
        },
        {
            "name": "메기, 배스, 블루갈",
            "description": [
                "호지나 순환 시스템에 모두 적절.",
                "열대성 : 적정온도 27도",
                "PH변화, 온도 변화, 수질 변화에 민감한 편이다.",
                "성장 기간 : 매기(5 ~ 10개월), 배스 : (15 ~ 18개월), 불루길(12 ~ 16개월)"
            ],
            "img": "https://t1.daumcdn.net/cfile/tistory/99ED32385B4C41CC32"
        },
        {
            "name": "숭어",
            "description": [
                "유기관리가 힘들다.",
                "한냉성: 적정온도 (18 ~ 20도)",
                "작은 물고기를 먹을 수 있다.",
                "성장 기간 : 12 ~ 16개월"
            ],
            "img": "https://t1.daumcdn.net/cfile/tistory/99C1C2395B4C41DF2F"
        },
        {
            "name": "비단잉어, 잉어, 붕어",
            "description": [
                "대표적인 호지 물고기",
                "적정온도(18 ~ 24도)",
                "잡식성",
                "기호용 물고기"
            ],
            "img": "https://t1.daumcdn.net/cfile/tistory/998B443A5B4C41F22E"
        }
    ]
}